"Source","Target","relationship_type_id"
William Aldam,x Fox,1
William Jun Aldam,x Fox,1
Frederick Alexander,R D Alexander,1
G W Alexander,R D Alexander,1
Henry Alexander,R D Alexander,1
R D Alexander,John M Candler,1
Thomas Allis,James Jun Backhouse,1
Thomas Allis,Francis Brown,1
Thomas Allis,Septimus Warner,1
R Arthington,J Gurney Barclay,1
R Jun Arthington,J Gurney Barclay,1
R Jun Arthington,Charles L Braithwaite,1
R Jun Arthington,J Cudworth,1
R Jun Arthington,Gurney Pease,1
R Jun Arthington,Susan Pease,1
R Jun Arthington,F J Walker,1
R Jun Arthington,Isaac Wilson,1
R Jun Arthington,John E Wilson,1
Edward Ash,Edward Jun Backhouse,1
Edward Ash,Paul Bevan,1
Edward Ash,Thomas Pease,1
C Ashby,Robert Horne,1
C Ashby,Edward C May,1
C Ashby,Francis May,1
C Ashby,W Dillwyn Sims,1
C Ashby,Francis Tuckett,1
C Ashby,P Debell Tuckett,1
Alfred Backhouse,Edward North Buxton,1
Alfred Backhouse,Anna Gurney,1
Alfred Backhouse,John Gurney,1
Alfred Backhouse,Samuel Gurney,1
Alfred Backhouse,Andrew Johnston,1
Alfred Backhouse,Andrew & Jun Johnston,1
Catherine Backhouse,R C Barrow,1
Catherine Backhouse,James Cadbury,1
Catherine Backhouse,Thomas Pease,1
Catherine Backhouse,Alfred Waterhouse,1
Edmund Backhouse,James Jun Backhouse,1
Edmund Backhouse,Edward North Buxton,1
Edmund Backhouse,Joseph Crosfield,1
Edmund Backhouse,Francis E Fox,1
Edmund Backhouse,Anna Gurney,1
Edmund Backhouse,Henry E Gurney,1
Edmund Backhouse,John Gurney,1
Edmund Backhouse,Samuel Gurney,1
Edmund Backhouse,Andrew Johnston,1
Edmund Backhouse,Andrew & Jun Johnston,1
Edmund Backhouse,Henry Fell Pease,1
Edmund Backhouse,John Pease,1
Edmund Backhouse,John B Pease,1
Edmund Backhouse,Thomas Pease,1
Edmund Backhouse,J S Robson,1
Edward Backhouse,William Jun Aldam,1
Edward Backhouse,James Jun Backhouse,1
Edward Backhouse,Antonio Brady,1
Edward Backhouse,G S Brady,1
Edward Backhouse,Henry Brady,1
Edward Backhouse,John Ford,1
Edward Backhouse,William Fowler,1
Edward Backhouse,Francis E Fox,1
Edward Backhouse,Francis Gibson,1
Edward Backhouse,Samuel King,1
Edward Backhouse,Arthur Pease,1
Edward Backhouse,Edward Pease,1
Edward Backhouse,Gurney Pease,1
Edward Backhouse,Henry Fell Pease,1
Edward Backhouse,John Pease,1
Edward Backhouse,John B Pease,1
Edward Backhouse,Joseph Pease,1
Edward Backhouse,Joseph Whitwell Pease,1
Edward Backhouse,Susan Pease,1
Edward Backhouse,Thomas Pease,1
Edward Backhouse,Edward Priestman (2),1
Edward Backhouse,Isaac Robson,1
Edward Backhouse,J S Robson,1
Edward Backhouse,Samuel Rosling,1
Edward Backhouse,John Rowntree,1
Edward Backhouse,Edward Smith,1
Edward Backhouse,Richard Smith,1
Edward Backhouse,Charles Wilson,1
Edward Backhouse,Joshua Wilson,1
Edward Jun Backhouse,James Jun Backhouse,1
Edward Jun Backhouse,Christopher Bowley,1
Edward Jun Backhouse,Francis E Fox,1
Edward Jun Backhouse,Arthur Pease,1
Edward Jun Backhouse,Edward Pease,1
Edward Jun Backhouse,Gurney Pease,1
Edward Jun Backhouse,Henry Fell Pease,1
Edward Jun Backhouse,John Pease,1
Edward Jun Backhouse,John B Pease,1
Edward Jun Backhouse,Joseph Pease,1
Edward Jun Backhouse,Joseph Whitwell Pease,1
Edward Jun Backhouse,Susan Pease,1
Edward Jun Backhouse,Thomas Pease,1
Edward Jun Backhouse,Isaac Robson,1
Edward Jun Backhouse,J S Robson,1
Edward Jun Backhouse,Caleb Williams,1
James (1) Backhouse,Edmund Backhouse,1
James (1) Backhouse,Edward Jun Backhouse,1
James (1) Backhouse,John Church Backhouse,1
James (1) Backhouse,Eliza Barclay,1
James (1) Backhouse,David Dale,1
James (1) Backhouse,Cornelius x Jun Hanbury,1
James (1) Backhouse,John Hodgkin,1
James (1) Backhouse,Samuel King,1
James (1) Backhouse,Edward Priestman (2),1
James (1) Backhouse,Edward Richardson,1
James (1) Backhouse,J H Tuke,1
James Jun Backhouse,Christopher Bowley,1
James Jun Backhouse,R Barclay Fox,1
James Jun Backhouse,John Hodgkin,1
James Jun Backhouse,Caleb Williams,1
John Church Backhouse,Eliza Barclay,1
John Church Backhouse,Christopher Bowley,1
John Church Backhouse,Joseph Crosfield,1
John Church Backhouse,Francis E Fox,1
John Church Backhouse,A Janson,1
John Church Backhouse,William Janson,1
John Church Backhouse,Arthur Pease,1
John Church Backhouse,Edward Pease,1
John Church Backhouse,Gurney Pease,1
John Church Backhouse,Henry Fell Pease,1
John Church Backhouse,John Pease,1
John Church Backhouse,John B Pease,1
John Church Backhouse,Joseph Pease,1
John Church Backhouse,Joseph Whitwell Pease,1
John Church Backhouse,Susan Pease,1
John Church Backhouse,Thomas Pease,1
John Church Backhouse,Thomas Pease,1
John Church Backhouse,Jane Reynolds,1
John Church Backhouse,Isaac Robson,1
John Church Backhouse,J S Robson,1
Jonathan Backhouse,James Jun Backhouse,1
J E Baker,G R Pumphrey,1
A P Balkwill,Daniel P Hack,1
William Ball,Jane Reynolds,1
Abram Rawlinson Barclay,Paul Bevan,1
Abram Rawlinson Barclay,Edward North Buxton,1
Abram Rawlinson Barclay,R Barclay Fox,1
Abram Rawlinson Barclay,Samuel Gurney,1
Abram Rawlinson Barclay,Cornelius Hanbury,1
Abram Rawlinson Barclay,Cornelius x Jun Hanbury,1
Abram Rawlinson Barclay,Daniel Bell Hanbury,1
Abram Rawlinson Barclay,Andrew Johnston,1
Abram Rawlinson Barclay,Andrew & Jun Johnston,1
Eliza Barclay,Christopher Bowley,1
Eliza Barclay,Joseph Crosfield,1
Eliza Barclay,Francis E Fox,1
Eliza Barclay,Cornelius x Jun Hanbury,1
Eliza Barclay,A Janson,1
Eliza Barclay,William Janson,1
Eliza Barclay,Edward Pease,1
Eliza Barclay,Edward Pease,1
Eliza Barclay,Gurney Pease,1
Eliza Barclay,Henry Fell Pease,1
Eliza Barclay,John Pease,1
Eliza Barclay,John B Pease,1
Eliza Barclay,Joseph Pease,1
Eliza Barclay,Joseph Whitwell Pease,1
Eliza Barclay,Susan Pease,1
Eliza Barclay,Thomas Pease,1
Eliza Barclay,Jane Reynolds,1
Eliza Barclay,J S Robson,1
Eliza Barclay,J H Tuke,1
Eliza Barclay,Caleb Williams,1
J Gurney Barclay,Anna Gurney,1
J Gurney Barclay,John Gurney,1
J Gurney Barclay,Samuel Gurney,1
J Gurney Barclay,Andrew Johnston,1
J Gurney Barclay,Andrew & Jun Johnston,1
Robert Barclay,Robert Bevan,1
Robert Barclay,Charles Brewin,1
Robert Barclay,Edward North Buxton,1
Robert Barclay,Thomas Fowell Buxton,1
Robert Barclay,R Barclay Fox,1
Robert Barclay,Robert Were Fox,1
Robert Barclay,x Fox,1
Robert Barclay,William Jun Grimshaw,1
Robert Barclay,John Gurney,1
Robert Barclay,Samuel Gurney,1
Robert Barclay,Cornelius Hanbury,1
Robert Barclay,Cornelius x Jun Hanbury,1
Robert Barclay,Daniel Bell Hanbury,1
Robert Barclay,George Head,1
Robert Barclay,Sarah Head,1
Robert Barclay,Gurney Hoare,1
Robert Barclay,Andrew Johnston,1
Robert Barclay,Andrew & Jun Johnston,1
John Beaumont,Henry Fell Pease,1
Rebecca Beaumont,S Braithwaite,1
Rebecca Beaumont,James Cropper,1
Rebecca Beaumont,John Cropper,1
Rebecca Beaumont,Lucy Darby,1
Rebecca Beaumont,Barnard Dickinson,1
Rebecca Beaumont,Rachel Fowler,1
Rebecca Beaumont,Thomas Fowler,1
Rebecca Beaumont,Alfred L Fox,1
Rebecca Beaumont,Henry E Gurney,1
Rebecca Beaumont,John Jowett,1
Rebecca Beaumont,Edward A Leatham,1
Rebecca Beaumont,Wilson Lloyd,1
Rebecca Beaumont,Arthur Pease,1
Rebecca Beaumont,Edward Pease,1
Rebecca Beaumont,Gurney Pease,1
Rebecca Beaumont,Henry Fell Pease,1
Rebecca Beaumont,John Pease,1
Rebecca Beaumont,Joseph Pease,1
Rebecca Beaumont,Joseph Whitwell Pease,1
Rebecca Beaumont,Charles Sturge,1
Deborah Beesley,Daniel P Hack,1
Deborah Beesley,Reuben C Payne,1
Eliza Bell,Edward North Buxton,1
Eliza Bell,Thomas Fowell Buxton,1
Eliza Bell,Henry E Gurney,1
Eliza Bell,John Gurney,1
Eliza Bell,Samuel Gurney,1
Eliza Bell,George Head,1
Eliza Bell,John Hills,1
Frederick J Bell,Edward North Buxton,1
Frederick J Bell,Thomas Fowell Buxton,1
Frederick J Bell,Henry E Gurney,1
Frederick J Bell,John Gurney,1
Frederick J Bell,Samuel Gurney,1
Frederick J Bell,George Head,1
Frederick J Bell,Sarah Head,1
S S Bell,Edward North Buxton,1
S S Bell,Thomas Fowell Buxton,1
S S Bell,Henry E Gurney,1
S S Bell,John Gurney,1
S S Bell,Samuel Gurney,1
S S Bell,George Head,1
S S Bell,Sarah Head,1
John Bell,Edward North Buxton,1
John Bell,Henry E Gurney,1
John Bell,John Gurney,1
John Bell,Samuel Gurney,1
Paul Bevan,Robert Bevan,1
Paul Bevan,Robert Charleton,1
Paul Bevan,Alfred L Fox,1
Paul Bevan,Francis E Fox,1
Paul Bevan,Frederick H Fox,1
Paul Bevan,J G Fox,1
Paul Bevan,R Barclay Fox,1
Paul Bevan,Edward James,1
Paul Bevan,Joseph Whitwell Pease,1
Paul Bevan,Nathaniel Tregellis,1
Paul Bevan,Francis Tuckett,1
Robert Bevan,Edward North Buxton,1
Robert Bevan,R Barclay Fox,1
Robert Bevan,Henry E Gurney,1
Robert Bevan,John Gurney,1
Robert Bevan,Samuel Gurney,1
Robert Bevan,Cornelius Hanbury,1
Robert Bevan,Cornelius x Jun Hanbury,1
Robert Bevan,Daniel Bell Hanbury,1
Robert Bevan,Edward James,1
Robert Bevan,Andrew Johnston,1
Robert Bevan,Andrew & Jun Johnston,1
J Binyon,James Cropper,1
J Binyon,John Cropper,1
J Binyon,John Jowett,1
Thomas Binyon,James Cropper,1
Thomas Binyon,John Cropper,1
Thomas Binyon,John Jowett,1
S Birchall,Christopher Bowley,1
S Birchall,J Cudworth,1
S Birchall,Frederick Fryer,1
S Birchall,John Jowett,1
S Birchall,Gurney Pease,1
S Birchall,John Pease,1
E L Birkbeck,Robert Bevan,1
E L Birkbeck,Charles Brewin,1
E L Birkbeck,Edward North Buxton,1
E L Birkbeck,Thomas Fowell Buxton,1
E L Birkbeck,R Barclay Fox,1
E L Birkbeck,Robert Were Fox,1
E L Birkbeck,John Gurney,1
E L Birkbeck,Samuel Gurney,1
E L Birkbeck,Cornelius Hanbury,1
E L Birkbeck,Cornelius x Jun Hanbury,1
E L Birkbeck,Daniel Bell Hanbury,1
E L Birkbeck,George Head,1
E L Birkbeck,Sarah Head,1
E L Birkbeck,Gurney Hoare,1
E L Birkbeck,Andrew Johnston,1
E L Birkbeck,Andrew & Jun Johnston,1
H Birkbeck,Rebecca Beaumont,1
H Birkbeck,Edward North Buxton,1
H Birkbeck,Thomas Fowell Buxton,1
H Birkbeck,Elizabeth G Dimsdale,1
H Birkbeck,Robert Were Fox,1
H Birkbeck,x Fox,1
H Birkbeck,John Gurney,1
H Birkbeck,Samuel Gurney,1
H Birkbeck,George Head,1
H Birkbeck,Sarah Head,1
H Birkbeck,Gurney Hoare,1
H Birkbeck,Andrew Johnston,1
H Birkbeck,Andrew & Jun Johnston,1
H Birkbeck,Thomas Pease,1
Christopher Bowley,Robert Brewin,1
Christopher Bowley,Martha Lucas,1
Christopher Bowley,Samuel Lucas,1
Christopher Bowley,William Jun Lucas,1
Elizabeth Bowley,Christopher Bowley,1
Lucy Bradshaw,J S Robson,1
Lucy Bradshaw,P Debell Tuckett,1
Antonio Brady,Edward Jun Backhouse,1
G S Brady,John Barton Hack,1
G S Brady,Samuel Rosling,1
G S Brady,John Rowntree,1
G S Brady,William Tanner,1
Henry Brady,Sarah Hotham,1
Henry Brady,John S Rowntree,1
Charles L Braithwaite,Rebecca Beaumont,1
Charles L Braithwaite,S Birchall,1
Charles L Braithwaite,Edward North Buxton,1
Charles L Braithwaite,Thomas Fowell Buxton,1
Charles L Braithwaite,Josiah Forster,1
Charles L Braithwaite,Robert Forster,1
Charles L Braithwaite,William Forster,1
Charles L Braithwaite,Joseph Talwin Foster,1
Charles L Braithwaite,Alfred L Fox,1
Charles L Braithwaite,Henry Fox,1
Charles L Braithwaite,Francis Gibson,1
Charles L Braithwaite,W G Gibson,1
Charles L Braithwaite,Anna Gurney,1
Charles L Braithwaite,Andrew Johnston,1
Charles L Braithwaite,Andrew & Jun Johnston,1
Charles L Braithwaite,Wilson Lloyd,1
Charles L Braithwaite,Arthur Pease,1
Charles L Braithwaite,Edward Pease,1
Charles L Braithwaite,Gurney Pease,1
Charles L Braithwaite,Henry Fell Pease,1
Charles L Braithwaite,John Pease,1
Charles L Braithwaite,Joseph Pease,1
Charles L Braithwaite,Joseph Whitwell Pease,1
Charles L Braithwaite,George Stacey,1
Charles L Braithwaite,John E Wilson,1
Joseph B Braithwaite,Edward North Buxton,1
Joseph B Braithwaite,W S Clark,1
Joseph B Braithwaite,Alfred L Fox,1
Joseph B Braithwaite,Anna Gurney,1
Joseph B Braithwaite,Andrew Johnston,1
Joseph B Braithwaite,Andrew & Jun Johnston,1
Joseph B Braithwaite,Wilson Lloyd,1
Joseph B Braithwaite,Arthur Pease,1
Joseph B Braithwaite,Edward Pease,1
Joseph B Braithwaite,Gurney Pease,1
Joseph B Braithwaite,Henry Fell Pease,1
Joseph B Braithwaite,John Pease,1
Joseph B Braithwaite,Joseph Pease,1
Joseph B Braithwaite,Joseph Whitwell Pease,1
Joseph B Braithwaite,John E Wilson,1
L Braithwaite,Rebecca Beaumont,1
L Braithwaite,S Braithwaite,1
L Braithwaite,W D Crewdson,1
L Braithwaite,Alfred L Fox,1
L Braithwaite,Henry Fox,1
L Braithwaite,Robert Howard,1
L Braithwaite,John Jowett,1
L Braithwaite,Wilson Lloyd,1
L Braithwaite,Joseph Whitwell Pease,1
L Braithwaite,George Stacey,1
S Braithwaite,Edward North Buxton,1
S Braithwaite,W S Clark,1
S Braithwaite,Alfred L Fox,1
S Braithwaite,Anna Gurney,1
S Braithwaite,Andrew Johnston,1
S Braithwaite,Andrew & Jun Johnston,1
S Braithwaite,Wilson Lloyd,1
S Braithwaite,Arthur Pease,1
S Braithwaite,Edward Pease,1
S Braithwaite,Gurney Pease,1
S Braithwaite,Henry Fell Pease,1
S Braithwaite,John Pease,1
S Braithwaite,Joseph Pease,1
S Braithwaite,Joseph Whitwell Pease,1
S Braithwaite,John E Wilson,1
Francis Brown,Marriage Wallis,1
Francis Brown,F Woodhead,1
Isaac Brown,Gopsill Brown,1
W W Brown,Joseph Sterry,1
Henry Burlingham,R D Catchpool,1
Henry Burlingham,Alexander Grace,1
Henry Burlingham,George Palmer,1
Henry Burlingham,William Tanner,1
Charles Buxton,Alfred Backhouse,1
Charles Buxton,Edmund Backhouse,1
Charles Buxton,Abram Rawlinson Barclay,1
Charles Buxton,J Gurney Barclay,1
Charles Buxton,Robert Barclay,1
Charles Buxton,Robert Bevan,1
Charles Buxton,E L Birkbeck,1
Charles Buxton,H Birkbeck,1
Charles Buxton,Charles L Braithwaite,1
Charles Buxton,Joseph B Braithwaite,1
Charles Buxton,S Braithwaite,1
Charles Buxton,William Fowler,1
Charles Buxton,Robert Were Fox,1
Charles Buxton,Anna Gurney,1
Charles Buxton,Cornelius Hanbury,1
Charles Buxton,Cornelius x Jun Hanbury,1
Charles Buxton,Daniel Bell Hanbury,1
Charles Buxton,John Hodgkin,1
Charles Buxton,Arthur Pease,1
Charles Buxton,Edward Pease,1
Charles Buxton,Gurney Pease,1
Charles Buxton,Joseph Pease,1
Charles Buxton,Joseph Whitwell Pease,1
Edward North Buxton,Anna Gurney,1
Edward North Buxton,Cornelius Hanbury,1
Edward North Buxton,Cornelius x Jun Hanbury,1
Edward North Buxton,Daniel Bell Hanbury,1
Edward North Buxton,John Hodgkin,1
Edward North Buxton,Arthur Pease,1
Edward North Buxton,Edward Pease,1
Edward North Buxton,Gurney Pease,1
Edward North Buxton,Joseph Pease,1
Edward North Buxton,Joseph Whitwell Pease,1
Thomas Fowell Buxton,Alfred Backhouse,1
Thomas Fowell Buxton,Edmund Backhouse,1
Thomas Fowell Buxton,Abram Rawlinson Barclay,1
Thomas Fowell Buxton,J Gurney Barclay,1
Thomas Fowell Buxton,John Bell,1
Thomas Fowell Buxton,Robert Bevan,1
Thomas Fowell Buxton,Joseph B Braithwaite,1
Thomas Fowell Buxton,S Braithwaite,1
Thomas Fowell Buxton,Joseph Talwin Foster,1
Thomas Fowell Buxton,Alfred L Fox,1
Thomas Fowell Buxton,Robert Howard,1
Thomas Fowell Buxton,Wilson Lloyd,1
Thomas Fowell Buxton,Joseph Whitwell Pease,1
James Cadbury,Isaac Robson,1
James Cadbury,F Seebohm,1
John M Candler,Frederick H Fox,1
John M Candler,Thomas Maw,1
John M Candler,William Norton,1
John M Candler,Algernon Peckover,1
Joseph Cash,Josiah Newman,1
Newman Cash,Josiah Newman,1
R D Catchpool,J Doubleday,1
R D Catchpool,R Doubleday,1
W Catchpool,R D Catchpool,1
W Catchpool,Charles Hicks,1
Elizabeth Charelton,Alfred L Fox,1
Elizabeth Charelton,Francis E Fox,1
Elizabeth Charelton,J G Fox,1
Elizabeth Charelton,R Barclay Fox,1
Elizabeth Charelton,Charles Gillett,1
Elizabeth Charelton,Joseph Whitwell Pease,1
Elizabeth Charelton,Francis Tuckett,1
x Charleton,Alfred L Fox,1
x Charleton,Francis E Fox,1
x Charleton,Charles Gillett,1
x Charleton,Thomas Maw,1
x Charleton,William Norton,1
x Charleton,Nathaniel Tregellis,1
x Charleton,Alfred Waterhouse,1
x Charleton,Mary Waterhouse,1
Henry Christy,Daniel Bell Hanbury,1
Henry Christy,Henry Fell Pease,1
Richard Christy,Daniel Bell Hanbury,1
Richard Christy,Henry Fell Pease,1
Cyrus Clark,George Palmer,1
Cyrus Clark,Isaac Pitt,1
Cyrus Clark,Walter Sturge,1
James Clark (2),George Palmer,1
James Clark (2),Isaac Pitt,1
James Clark (2),Walter Sturge,1
Joseph Clark,George Palmer,1
Joseph Clark,Isaac Pitt,1
Joseph Clark,Walter Sturge,1
W S Clark,George Palmer,1
W S Clark,Edward Pease,1
W S Clark,Isaac Pitt,1
W S Clark,Charles Sturge,1
W S Clark,Edmund Sturge,1
W S Clark,George Sturge,1
W S Clark,Samuel Sturge,1
W S Clark,Thomas M Sturge,1
W S Clark,John Whiting,1
C Clothier,John M Albright,1
C Clothier,W S Clark,1
C Clothier,Robert Were Fox,1
C Clothier,John Gayner,1
C Clothier,Edward Pease,1
C Clothier,Isaac Pitt,1
C Clothier,Edmund Sturge,1
C Clothier,Walter Sturge,1
C Clothier,John Whiting,1
Joseph Cooper,W Dillwyn Sims,1
J H Cotterell,Edward Pease,1
J H Cotterell,Isaac Pitt,1
J H Cotterell,Charles Sturge,1
J H Cotterell,Edmund Sturge,1
J H Cotterell,George Sturge,1
J H Cotterell,H J Sturge,1
J H Cotterell,Samuel Sturge,1
J H Cotterell,Thomas M Sturge,1
J H Cotterell,John Whiting,1
W D Crewdson,James Cropper,1
W D Crewdson,John Cropper,1
W D Crewdson,Barnard Dickinson,1
W D Crewdson,Rachel Fowler,1
W D Crewdson,Thomas Fowler,1
W D Crewdson,Henry E Gurney,1
W D Crewdson,Edward A Leatham,1
W D Crewdson,Gurney Pease,1
W D Crewdson,John Pease,1
W D Crewdson,Joseph Pease,1
W D Crewdson,Charles Sturge,1
Ann Cropper,John Jowett,1
James Cropper,William Crosfield,1
George Crosfield,Isaac Pitt,1
George Crosfield,John Whiting,1
William Crosfield,Isaac Pitt,1
William Crosfield,John Whiting,1
Joseph Crosland,Frederick Fryer,1
Joseph Crosland,Thomas Harvey,1
Joseph Crosland,Josiah Newman,1
Joseph Crosland,John Pease,1
Joseph Crosland,Thomas Pease,1
A Crowley,W Dillwyn Sims,1
Frederick Crowley,Robert Horne,1
Frederick Crowley,Edward C May,1
Frederick Crowley,Francis May,1
Frederick Crowley,W Dillwyn Sims,1
Frederick Crowley,Elizabeth Tuckett,1
Frederick Crowley,Francis Tuckett,1
Frederick Crowley,P Debell Tuckett,1
J Cudworth,Frederick Fryer,1
J Cudworth,John Jowett,1
J Cudworth,Gurney Pease,1
J Cudworth,John Pease,1
J Cudworth,Thomas Pease,1
J Cudworth,John E Wilson,1
William Cudworth,A Janson,1
William Cudworth,J H Tuke,1
A Dale,John Ford,1
A Dale,Francis E Fox,1
A Dale,Francis Gibson,1
A Dale,Arthur Pease,1
A Dale,Edward Pease,1
A Dale,Gurney Pease,1
A Dale,Henry Fell Pease,1
A Dale,John Pease,1
A Dale,Joseph Pease,1
A Dale,Joseph Whitwell Pease,1
A Dale,Susan Pease,1
A Dale,Thomas Pease,1
A Dale,Edward Priestman (2),1
A Dale,Isaac Robson,1
A Dale,J S Robson,1
A Dale,Edward Smith,1
David Dale,William Jun Aldam,1
David Dale,James Jun Backhouse,1
Samuel Darton,John Whiting,1
Barnard Dickinson,Alfred L Fox,1
Barnard Dickinson,Henry E Gurney,1
Barnard Dickinson,John Jowett,1
Barnard Dickinson,Edward A Leatham,1
Barnard Dickinson,Wilson Lloyd,1
Barnard Dickinson,Arthur Pease,1
Barnard Dickinson,Gurney Pease,1
Barnard Dickinson,Henry Fell Pease,1
Barnard Dickinson,John Pease,1
Barnard Dickinson,Joseph Pease,1
Barnard Dickinson,Joseph Whitwell Pease,1
Barnard Dickinson,John E Wilson,1
Elizabeth G Dimsdale,Henry E Gurney,1
Elizabeth G Dimsdale,John Gurney,1
Elizabeth G Dimsdale,Samuel Gurney,1
Elizabeth G Dimsdale,Thomas Pease,1
John Dodshon,Alfred Kitching,1
John Dodshon,Edward Priestman (2),1
Daniel Doncaster,Edward Priestman (2),1
Daniel Doncaster,John Rowntree,1
A Ellis,John Church Backhouse,1
A Ellis,Wilson Burgess,1
A Ellis,James Cropper,1
A Ellis,John Cropper,1
A Ellis,Joseph Sturge,1
William Exton,Burwood Godlee,1
William Exton,Edmund Sturge,1
Joseph Farden,Samuel Rutter,1
John Fell,John M Albright,1
John Fell,William Exton,1
John Fell,Henry Fell Pease,1
Mary Fell,Burwood Godlee,1
Mary Fell,Edward A Leatham,1
Mary Fell,Frederick Lucas,1
Mary Fell,R P Rickman,1
Mary Fell,Edward Pease,1
Abraham Fisher,Charles Gillett,1
Caleb Fletcher,Henry Fell Pease,1
Caleb Fletcher,Joseph Pease,1
Caleb Fletcher,John S Rowntree,1
John Ford,Edmund Backhouse,1
John Ford,Edward Jun Backhouse,1
John Ford,John Church Backhouse,1
John Ford,Eliza Barclay,1
Josiah Forster,Joseph B Braithwaite,1
Josiah Forster,S Braithwaite,1
Josiah Forster,Barnard Dickinson,1
Josiah Forster,Henry E Gurney,1
Robert Forster,Joseph B Braithwaite,1
Robert Forster,S Braithwaite,1
William Forster,Joseph B Braithwaite,1
William Forster,S Braithwaite,1
William Forster,Henry E Gurney,1
Joseph Talwin Foster,Joseph B Braithwaite,1
Joseph Talwin Foster,S Braithwaite,1
Joseph Talwin Foster,Alfred L Fox,1
Joseph Talwin Foster,Anna Gurney,1
Joseph Talwin Foster,Wilson Lloyd,1
Joseph Talwin Foster,Joseph Whitwell Pease,1
Rachel Fowler,Alfred L Fox,1
Rachel Fowler,Henry E Gurney,1
Rachel Fowler,John Jowett,1
Rachel Fowler,Wilson Lloyd,1
Rachel Fowler,Arthur Pease,1
Rachel Fowler,Edward Pease,1
Rachel Fowler,Gurney Pease,1
Rachel Fowler,Henry Fell Pease,1
Rachel Fowler,John Pease,1
Rachel Fowler,Joseph Pease,1
Rachel Fowler,Joseph Whitwell Pease,1
Rachel Fowler,Charles Sturge,1
Robert Nicholas Fowler,Rebecca Beaumont,1
Robert Nicholas Fowler,Paul Bevan,1
Robert Nicholas Fowler,Charles L Braithwaite,1
Robert Nicholas Fowler,Joseph B Braithwaite,1
Robert Nicholas Fowler,L Braithwaite,1
Robert Nicholas Fowler,S Braithwaite,1
Robert Nicholas Fowler,Thomas Fowell Buxton,1
Robert Nicholas Fowler,Elizabeth Charelton,1
Robert Nicholas Fowler,W D Crewdson,1
Robert Nicholas Fowler,Barnard Dickinson,1
Robert Nicholas Fowler,Joseph Talwin Foster,1
Robert Nicholas Fowler,John Barton Hack,1
Robert Nicholas Fowler,Edward Pease,1
Robert Nicholas Fowler,Edward Smith,1
Robert Nicholas Fowler,Charles Sturge,1
Robert Nicholas Fowler,Joseph Sturge (Mrs),1
Robert Nicholas Fowler,Joseph Sturge,1
Thomas Fowler,Alfred L Fox,1
Thomas Fowler,Henry E Gurney,1
Thomas Fowler,John Jowett,1
Thomas Fowler,Wilson Lloyd,1
Thomas Fowler,Arthur Pease,1
Thomas Fowler,Edward Pease,1
Thomas Fowler,Gurney Pease,1
Thomas Fowler,Henry Fell Pease,1
Thomas Fowler,John Pease,1
Thomas Fowler,Joseph Pease,1
Thomas Fowler,Joseph Whitwell Pease,1
Thomas Fowler,Charles Sturge,1
Thomas Fowler,John E Wilson,1
William Fowler,C Ashby,1
William Fowler,Eliza Barclay,1
William Fowler,Rebecca Beaumont,1
William Fowler,Paul Bevan,1
William Fowler,Charles L Braithwaite,1
William Fowler,Joseph B Braithwaite,1
William Fowler,L Braithwaite,1
William Fowler,S Braithwaite,1
William Fowler,Edward North Buxton,1
William Fowler,Thomas Fowell Buxton,1
William Fowler,Elizabeth Charelton,1
William Fowler,W D Crewdson,1
William Fowler,A Crowley,1
William Fowler,Frederick Crowley,1
William Fowler,Barnard Dickinson,1
William Fowler,Mary Fell,1
William Fowler,Edmund Lucas,1
William Fowler,Edward Pease,1
William Fowler,Henry Fell Pease,1
William Fowler,Richard Sterry,1
William Fowler,Charles Sturge,1
William Fowler,Joseph Sturge (Mrs),1
William Fowler,Joseph Sturge,1
William Fowler,Charles B Warner,1
William Fowler,John Warner,1
William Fowler,Septimus Warner,1
Alfred L Fox,Frederick H Fox,1
Alfred L Fox,Charles Gillett,1
Alfred L Fox,Nathaniel Tregellis,1
Charles Henry Fox,Paul Bevan,1
Charles Henry Fox,H Birkbeck,1
Charles Henry Fox,Elizabeth Charelton,1
Charles Henry Fox,Josiah Forster,1
Charles Henry Fox,Robert Forster,1
Charles Henry Fox,William Forster,1
Charles Henry Fox,Rachel Fowler,1
Charles Henry Fox,Thomas Fowler,1
Charles Henry Fox,Alfred L Fox,1
Charles Henry Fox,Frederick H Fox,1
Charles Henry Fox,Henry Fox,1
Charles Henry Fox,Charles Gillett,1
Charles Henry Fox,John Sanderson,1
Charles Henry Fox,William Southall,1
Francis E Fox,Nathaniel Tregellis,1
Frederick H Fox,J G Fox,1
Frederick H Fox,R Barclay Fox,1
Frederick H Fox,Charles Gillett,1
Frederick H Fox,Joseph Whitwell Pease,1
Frederick H Fox,Joseph T Price,1
Frederick H Fox,Nathaniel Tregellis,1
George Fox,J G Fox,1
George Fox,R Barclay Fox,1
George Fox,Robert Were Fox,1
George Fox,x Fox,1
George Fox,Joseph Whitwell Pease,1
George Fox,Nathaniel Tregellis,1
George Fox,Francis Tuckett,1
Henry Fox,Rebecca Beaumont,1
Henry Fox,Joseph B Braithwaite,1
Henry Fox,S Braithwaite,1
Henry Fox,Barnard Dickinson,1
Henry Fox,Rachel Fowler,1
Henry Fox,Alfred L Fox,1
Henry Fox,Francis E Fox,1
Henry Fox,Frederick H Fox,1
Henry Fox,J G Fox,1
Henry Fox,R Barclay Fox,1
Henry Fox,Robert Were Fox,1
Henry Fox,x Fox,1
Henry Fox,Charles Gillett,1
Henry Fox,Joseph T Price,1
Henry Fox,Nathaniel Tregellis,1
Henry Fox,Francis Tuckett,1
J G Fox,Anna Gurney,1
J G Fox,Henry E Gurney,1
J G Fox,John Gurney,1
J G Fox,Samuel Gurney,1
J G Fox,Andrew Johnston,1
J G Fox,Andrew & Jun Johnston,1
J G Fox,Henry Fell Pease,1
J G Fox,John Pease,1
J G Fox,John B Pease,1
J G Fox,Susan Pease,1
J G Fox,Thomas Pease,1
J G Fox,Isaac Robson,1
J G Fox,J S Robson,1
R Barclay Fox,Anna Gurney,1
R Barclay Fox,Henry E Gurney,1
R Barclay Fox,John Gurney,1
R Barclay Fox,Samuel Gurney,1
R Barclay Fox,John Hodgkin,1
R Barclay Fox,Andrew Johnston,1
R Barclay Fox,Andrew & Jun Johnston,1
R Barclay Fox,Arthur Pease,1
R Barclay Fox,Edward Pease,1
R Barclay Fox,Gurney Pease,1
R Barclay Fox,Joseph Pease,1
R Barclay Fox,Joseph T Price,1
R Barclay Fox,Nathaniel Tregellis,1
Robert Were Fox,Edmund Backhouse,1
Robert Were Fox,Abram Rawlinson Barclay,1
Robert Were Fox,J Gurney Barclay,1
Robert Were Fox,Paul Bevan,1
Robert Were Fox,Robert Bevan,1
Robert Were Fox,Edward North Buxton,1
Robert Were Fox,Elizabeth Charelton,1
Robert Were Fox,W S Clark,1
Robert Were Fox,Frederick H Fox,1
Robert Were Fox,J G Fox,1
Robert Were Fox,John Sanderson,1
x Fox,James Jun Backhouse,1
x Fox,Abram Rawlinson Barclay,1
x Fox,Paul Bevan,1
x Fox,Robert Bevan,1
x Fox,Elizabeth Charelton,1
x Fox,Frederick H Fox,1
x Fox,J G Fox,1
x Fox,Charles Gillett,1
x Fox,Anna Gurney,1
x Fox,Henry E Gurney,1
x Fox,John Gurney,1
x Fox,Samuel Gurney,1
x Fox,George Head,1
x Fox,Sarah Head,1
x Fox,John Hodgkin,1
x Fox,Andrew Johnston,1
x Fox,Andrew & Jun Johnston,1
x Fox,Arthur Pease,1
x Fox,Edward Pease,1
x Fox,Gurney Pease,1
x Fox,Joseph Pease,1
x Fox,Joseph T Price,1
x Fox,Nathaniel Tregellis,1
Frederick Fryer,John Jowett,1
Frederick Fryer,John E Wilson,1
Joseph Gibbens,Joseph Shewell,1
Ann Gibson,Samuel Jesper,1
Ann Gibson,Marriage Wallis,1
Deborah Gibson,Henry E Gurney,1
Deborah Gibson,John Jowett,1
Deborah Gibson,Edward A Leatham,1
Deborah Gibson,Wilson Lloyd,1
Deborah Gibson,Arthur Pease,1
Deborah Gibson,Edward Pease,1
Deborah Gibson,Gurney Pease,1
Deborah Gibson,Henry Fell Pease,1
Deborah Gibson,John Pease,1
Deborah Gibson,Joseph Pease,1
Deborah Gibson,Joseph Whitwell Pease,1
Deborah Gibson,Charles Sturge,1
Francis Gibson,Edmund Backhouse,1
Francis Gibson,Edward Jun Backhouse,1
Francis Gibson,John Church Backhouse,1
Francis Gibson,Eliza Barclay,1
Francis Gibson,Rebecca Beaumont,1
Francis Gibson,Joseph B Braithwaite,1
Francis Gibson,S Braithwaite,1
Francis Gibson,W D Crewdson,1
Francis Gibson,Barnard Dickinson,1
Francis Gibson,Rachel Fowler,1
Francis Gibson,Deborah Gibson,1
Francis Gibson,W G Gibson,1
Francis Gibson,John Hodgkin,1
Francis Gibson,Robert Howard,1
Francis Gibson,John Jowett,1
Francis Gibson,Wilson Lloyd,1
Francis Gibson,Susan Pease,1
Francis Gibson,Thomas Pease,1
Francis Gibson,Edward Richardson,1
Francis Gibson,W Richardson,1
Francis Gibson,Isaac Robson,1
Francis Gibson,J S Robson,1
Francis Gibson,Edward Smith,1
Francis Gibson,George Stacey,1
George Stacey Gibson,Charles L Braithwaite,1
George Stacey Gibson,Joseph B Braithwaite,1
George Stacey Gibson,S Braithwaite,1
George Stacey Gibson,W D Crewdson,1
George Stacey Gibson,Barnard Dickinson,1
George Stacey Gibson,Rachel Fowler,1
George Stacey Gibson,Francis Gibson,1
George Stacey Gibson,Robert Howard,1
George Stacey Gibson,Isaac Wilson,1
George Stacey Gibson,John E Wilson,1
W G Gibson,Joseph B Braithwaite,1
W G Gibson,S Braithwaite,1
W G Gibson,W D Crewdson,1
W G Gibson,Rachel Fowler,1
W G Gibson,Wilson Lloyd,1
W G Gibson,Arthur Pease,1
W G Gibson,Edward Pease,1
W G Gibson,Gurney Pease,1
W G Gibson,Henry Fell Pease,1
W G Gibson,John Pease,1
W G Gibson,Joseph Pease,1
W G Gibson,Joseph Whitwell Pease,1
F  E Gibson,Deborah Gibson,1
J Gilpin,Josiah Thompson,1
J Gilpin,F J Walker,1
Alexander Grace,George Palmer,1
Josiah Grace,Henry Burlingham,1
Josiah Grace,Alexander Grace,1
Anna Gurney,John Gurney,1
Anna Gurney,Samuel Gurney,1
Anna Gurney,John Hodgkin,1
Anna Gurney,Wilson Lloyd,1
Anna Gurney,Arthur Pease,1
Anna Gurney,Edward Pease,1
Anna Gurney,Gurney Pease,1
Anna Gurney,Joseph Whitwell Pease,1
Anna Gurney,John E Wilson,1
Henry E Gurney,Cornelius Hanbury,1
Henry E Gurney,Cornelius x Jun Hanbury,1
Henry E Gurney,Daniel Bell Hanbury,1
Henry E Gurney,John Hodgkin,1
Henry E Gurney,Arthur Pease,1
Henry E Gurney,Edward Pease,1
Henry E Gurney,Gurney Pease,1
Henry E Gurney,Joseph Pease,1
Henry E Gurney,Joseph Whitwell Pease,1
John Henry Gurney,Alfred Backhouse,1
John Henry Gurney,Edmund Backhouse,1
John Henry Gurney,Abram Rawlinson Barclay,1
John Henry Gurney,J Gurney Barclay,1
John Henry Gurney,Robert Barclay,1
John Henry Gurney,Robert Bevan,1
John Henry Gurney,E L Birkbeck,1
John Henry Gurney,Charles L Braithwaite,1
John Henry Gurney,Joseph B Braithwaite,1
John Henry Gurney,S Braithwaite,1
John Henry Gurney,W D Crewdson,1
John Henry Gurney,Barnard Dickinson,1
John Henry Gurney,Elizabeth G Dimsdale,1
John Henry Gurney,Josiah Forster,1
John Henry Gurney,Joseph Talwin Foster,1
John Henry Gurney,Rachel Fowler,1
John Henry Gurney,Thomas Fowler,1
John Henry Gurney,J G Fox,1
John Henry Gurney,R Barclay Fox,1
John Henry Gurney,x Fox,1
John Henry Gurney,Deborah Gibson,1
John Henry Gurney,Cornelius Hanbury,1
John Henry Gurney,Cornelius x Jun Hanbury,1
John Henry Gurney,Daniel Bell Hanbury,1
John Henry Gurney,Arthur Pease,1
John Henry Gurney,Edward Pease,1
John Henry Gurney,Gurney Pease,1
John Henry Gurney,Joseph Pease,1
John Henry Gurney,Joseph Whitwell Pease,1
John Henry Gurney,Thomas Pease,1
John Gurney,John Hodgkin,1
John Gurney,Arthur Pease,1
John Gurney,Edward Pease,1
John Gurney,Gurney Pease,1
John Gurney,Joseph Pease,1
John Gurney,Joseph Whitwell Pease,1
John Gurney,Thomas Pease,1
Samuel Gurney,Arthur Pease,1
Samuel Gurney,Edward Pease,1
Samuel Gurney,Gurney Pease,1
Samuel Gurney,Joseph Pease,1
Samuel Gurney,Joseph Whitwell Pease,1
Samuel Gurney,Thomas Pease,1
Daniel P Hack,J H Tuke,1
John Barton Hack,J H Tuke,1
Cornelius x Jun Hanbury,John Whiting,1
Daniel Bell Hanbury,Andrew Johnston,1
Daniel Bell Hanbury,Andrew & Jun Johnston,1
Theodore Harris,Algernon Peckover,1
Theodore Harris,William Peckover,1
Theodore Harris,John T Shewell,1
Thomas Harvey,S Birchall,1
Thomas Harvey,Thomas Maw,1
George Head,Alfred Backhouse,1
George Head,Abram Rawlinson Barclay,1
George Head,John Bell,1
George Head,Robert Bevan,1
George Head,Elizabeth G Dimsdale,1
George Head,J G Fox,1
George Head,R Barclay Fox,1
George Head,Cornelius Hanbury,1
George Head,Cornelius x Jun Hanbury,1
George Head,Daniel Bell Hanbury,1
Sarah Head,Alfred Backhouse,1
Sarah Head,Abram Rawlinson Barclay,1
Sarah Head,John Bell,1
Sarah Head,Robert Bevan,1
Sarah Head,Elizabeth G Dimsdale,1
Sarah Head,J G Fox,1
Sarah Head,R Barclay Fox,1
Sarah Head,Cornelius Hanbury,1
Sarah Head,Cornelius x Jun Hanbury,1
Sarah Head,Daniel Bell Hanbury,1
W Hewitson,Micheal Scatterthwaite,1
Charles Hicks,R D Catchpool,1
Charles Hicks,Henry Sterry,1
Charles Hicks,Joseph Sterry,1
James Hills,D Tuke,1
James Hills,W Tuke,1
John Hills,D Tuke,1
John Hills,W Tuke,1
Henry Hipsley,D Tuke,1
Henry Hipsley,J H Tuke,1
Gurney Hoare,Alfred Backhouse,1
Gurney Hoare,Edmund Backhouse,1
Gurney Hoare,Abram Rawlinson Barclay,1
Gurney Hoare,J Gurney Barclay,1
Gurney Hoare,Robert Bevan,1
Gurney Hoare,Lucy Bradshaw,1
Gurney Hoare,J G Fox,1
Gurney Hoare,Anna Gurney,1
Gurney Hoare,Cornelius Hanbury,1
Gurney Hoare,Cornelius x Jun Hanbury,1
Gurney Hoare,Daniel Bell Hanbury,1
Gurney Hoare,John Harford,1
Gurney Hoare,John Hodgkin,1
Gurney Hoare,Arthur Pease,1
Gurney Hoare,Edward Pease,1
Gurney Hoare,Gurney Pease,1
Gurney Hoare,Joseph Pease,1
Gurney Hoare,Joseph Whitwell Pease,1
Charles Horsnaill,Samuel Wheeler,1
W C Horsnaill,Samuel Wheeler,1
Luke Howard,Edward A Leatham,1
Robert Howard,Rebecca Beaumont,1
Robert Howard,W D Crewdson,1
Robert Howard,Barnard Dickinson,1
Robert Howard,Rachel Fowler,1
Robert Howard,Thomas Fowler,1
Robert Howard,Deborah Gibson,1
Robert Howard,Anna Gurney,1
Robert Howard,Edward A Leatham,1
T Hunt,Edward Ash,1
T Hunt,James Cadbury,1
Jonathan Hutchinson,Deborah Beesley,1
A Janson,Jane Reynolds,1
A Janson,Caleb Williams,1
Charles Janson,A Janson,1
Charles Janson,William Janson,1
Charles Janson,Alfred Kitching,1
Charles Janson,J H Tuke,1
William Janson,Jane Reynolds,1
William Janson,Caleb Williams,1
Samuel Jesper,Caroline Marriage,1
Samuel Jesper,Marriage Wallis,1
Benjamin Jowett (2),John Jowett,1
Benjamin Jowett (2),Robert Jowett (2),1
Benjamin Jowett (2),Gurney Pease,1
Benjamin Jowett (2),John Pease,1
Benjamin Jowett (2),Thomas Pease,1
Benjamin Jowett (2),Isaac Wilson,1
Benjamin Jowett (2),John E Wilson,1
John Jowett,Gurney Pease,1
John Jowett,John Pease,1
John Jowett,Thomas Pease,1
Robert Jowett (2),S Birchall,1
Robert Jowett (2),J Cudworth,1
Robert Jowett (2),Barnard Dickinson,1
Robert Jowett (2),Frederick Fryer,1
Robert Jowett (2),Gurney Pease,1
Robert Jowett (2),Thomas Pease,1
Robert Jowett (2),Joseph Sturge (Mrs),1
Robert Jowett (2),Joseph Sturge,1
Alfred Kitching,A Janson,1
Alfred Kitching,William Janson,1
C Knight,Alfred Rosling,1
Henry Knight,Charles L Harford,1
Henry Knight,Summers Harford,1
Thomas Letchmore,Samuel Darton,1
Thomas Letchmore,Cornelius x Jun Hanbury,1
Joseph Lister,Jeffrey Lucas,1
Joseph Lister,Martha Lucas,1
Joseph Lister,Samuel Lucas,1
Joseph Lister,William Jun Lucas,1
Joseph Lister,Marriage Wallis,1
William Horton Lloyd,L Braithwaite,1
William Horton Lloyd,Wilson Burgess,1
William Horton Lloyd,Thomas Fowell Buxton,1
William Horton Lloyd,W D Crewdson,1
William Horton Lloyd,Barnard Dickinson,1
William Horton Lloyd,Rachel Fowler,1
William Horton Lloyd,Thomas Fowler,1
William Horton Lloyd,Anna Gurney,1
William Horton Lloyd,Arthur Pease,1
William Horton Lloyd,Edward Pease,1
William Horton Lloyd,Gurney Pease,1
William Horton Lloyd,Henry Fell Pease,1
William Horton Lloyd,John Pease,1
William Horton Lloyd,Joseph Pease,1
William Horton Lloyd,Henry Richardson,1
William Horton Lloyd,William Wilson,1
Edmund Lucas,Henry Fell Pease,1
Edmund Lucas,John B Pease,1
Frederick Lucas,Henry Fell Pease,1
Frederick Lucas,John B Pease,1
Caroline Marriage,Marriage Wallis,1
Thomas Marriage,Francis Wright,1
R Marsh,Edward Marsh,1
William Matthews,Paul Bevan,1
William Matthews,Elizabeth Charelton,1
William Mattravers,Joseph Whitwell Pease,1
William Mattravers,William Southall,1
William Mattravers,Nathaniel Tregellis,1
William Mattravers,Francis Tuckett,1
William Mattravers,Alfred Waterhouse,1
Thomas Maw,Isaac Reckitt,1
Joseph Neatby,John Sanderson,1
Mary Overend,J H Tuke,1
George Palmer,Walter Sturge,1
W J Palmer,Henry Burlingham,1
W J Palmer,Cyrus Clark,1
W J Palmer,James Clark (2),1
W J Palmer,Joseph Clark,1
W J Palmer,W S Clark,1
W J Palmer,Walter Sturge,1
W J Palmer,F J Thompson,1
Arthur Pease,John B Pease,1
Edward Pease,John B Pease,1
Gurney Pease,John B Pease,1
Henry Fell Pease,John B Pease,1
Henry Fell Pease,Hannah Scarr,1
John Pease,Susan Pease,1
John Pease,Thomas Pease,1
John Pease,Isaac Robson,1
John Pease,J S Robson,1
John Pease,John E Wilson,1
John B Pease,Joseph Whitwell Pease,1
John B Pease,Susan Pease,1
John B Pease,Thomas Pease,1
John B Pease,Isaac Robson,1
John B Pease,J S Robson,1
John B Pease,Hannah Scarr,1
Joseph Pease,Susan Pease,1
Joseph Pease,Thomas Pease,1
Joseph Pease,Isaac Robson,1
Joseph Pease,J S Robson,1
Susan Pease,Isaac Robson,1
Susan Pease,J S Robson,1
Thomas Pease,Isaac Robson,1
Thomas Pease,J S Robson,1
Robert H Penney,Priscilla Rickman,1
Edward Priestman (2),Edmund Backhouse,1
Edward Priestman (2),Edward Jun Backhouse,1
Edward Priestman (2),James Jun Backhouse,1
Edward Priestman (2),John Church Backhouse,1
Edward Priestman (2),Eliza Barclay,1
Edward Priestman (2),Wilson Burgess,1
Edward Priestman (2),J G Fox,1
Edward Priestman (2),John Pease,1
Edward Priestman (2),John B Pease,1
Edward Priestman (2),Joseph Pease,1
Edward Priestman (2),Susan Pease,1
Edward Priestman (2),Thomas Pease,1
Edward Priestman (2),Septimus Warner,1
John Priestman,Wilson Burgess,1
John Priestman,W Richardson,1
John Priestman,F J Walker,1
Samuel Priestman,F J Walker,1
William Rathbone,William Ball,1
Jane Reynolds,Charles Sturge,1
Jane Reynolds,J H Tuke,1
Edward Richardson,James Jun Backhouse,1
Edward Richardson,Daniel P Hack,1
Edward Richardson,John Barton Hack,1
Edward Richardson,Henry Hipsley,1
Edward Richardson,John Pease,1
Edward Richardson,John B Pease,1
Edward Richardson,Joseph Pease,1
Edward Richardson,Susan Pease,1
Edward Richardson,Thomas Pease,1
Edward Richardson,Jane Reynolds,1
Edward Richardson,W Richardson,1
Edward Richardson,Isaac Robson,1
Edward Richardson,J S Robson,1
Edward Richardson,Edward Smith,1
Henry Richardson,Joseph Talwin Foster,1
Henry Richardson,W Richardson,1
Henry Richardson,George Stacey,1
Henry Richardson,D Tuke,1
Henry Richardson,W Tuke,1
Henry Richardson,John E Wilson,1
W Richardson,Edmund Backhouse,1
W Richardson,Edward Jun Backhouse,1
W Richardson,John Church Backhouse,1
W Richardson,J G Fox,1
W Richardson,John Pease,1
W Richardson,John B Pease,1
W Richardson,Joseph Pease,1
W Richardson,Susan Pease,1
W Richardson,Thomas Pease,1
W Richardson,Samuel Priestman,1
W Richardson,John S Rowntree,1
W Richardson,Joseph Rowntree,1
W Richardson,Abraham Sewell,1
W Richardson,E F Sewell,1
W Richardson,Joshua Wilson,1
John Rickman,Josephina Rickman,1
Josephina Rickman,Priscilla Rickman,1
Josephina Rickman,R Rickman,1
Josephina Rickman,R P Rickman,1
S Rickman,John Rickman,1
John Rowntree,W Rowntree,1
John S Rowntree,Isaac Robson,1
John S Rowntree,J S Robson,1
John S Rowntree,W Rowntree,1
John S Rowntree,Hannah Scarr,1
Joseph Rowntree,Isaac Robson,1
Sarah Rundell,Nathaniel Tregellis,1
John Sanderson,Francis E Fox,1
John Sanderson,Frederick H Fox,1
Micheal Scatterthwaite,M A Hewitson,1
Benjamin Seebohm,James Cadbury,1
F Seebohm,D Tuke,1
F Seebohm,J H Tuke,1
F Seebohm,Samuel Tuke,1
Edward Smith,Edmund Backhouse,1
Edward Smith,Edward Jun Backhouse,1
Edward Smith,John Church Backhouse,1
Edward Smith,Eliza Barclay,1
Edward Smith,John Pease,1
Edward Smith,John B Pease,1
Edward Smith,Joseph Pease,1
Edward Smith,Susan Pease,1
Edward Smith,Thomas Pease,1
Edward Smith,Algernon Peckover,1
Edward Smith,William Peckover,1
Edward Smith,Jane Reynolds,1
Edward Smith,Isaac Robson,1
Edward Smith,Charles Sturge,1
Edward Smith,Joseph Sturge (Mrs),1
Edward Smith,Joseph Sturge,1
Edward Smith,Alfred Waterhouse,1
Edward Smith,R Waterhouse,1
Richard Smith,Edward Jun Backhouse,1
E P Southall,George Sturge,1
William Southall,Elizabeth Charelton,1
William Southall,John Barton Hack,1
William Sparkes,G R Pumphrey,1
Joseph F Spence,Joseph Talwin Foster,1
Joseph F Spence,F J Thompson,1
Joseph F Spence,F J Walker,1
George Stacey,Joseph B Braithwaite,1
George Stacey,S Braithwaite,1
George Stacey,W D Crewdson,1
George Stacey,Barnard Dickinson,1
George Stacey,Rachel Fowler,1
George Stacey,Thomas Fowler,1
George Stacey,Anna Gurney,1
George Stacey,John Pease,1
George Stacey,Joseph Pease,1
George Stacey,Charles Sturge,1
John Stansfield,Fielden Thorpe,1
Henry Sterry,Joseph Neatby,1
Joseph Sterry,Sarah Sterry,1
Richard Sterry,Joseph Sterry,1
Charles Sturge,H J Sturge,1
Charles Sturge,Walter Sturge,1
Charles Sturge,Fielden Thorpe,1
Edmund Sturge,H J Sturge,1
Edmund Sturge,Walter Sturge,1
Edmund Sturge,Fielden Thorpe,1
George Sturge,Walter Sturge,1
H J Sturge,Samuel Sturge,1
H J Sturge,Thomas M Sturge,1
Joseph Sturge (Mrs),John M Albright,1
Joseph Sturge (Mrs),Rebecca Beaumont,1
Joseph Sturge (Mrs),W S Clark,1
Joseph Sturge (Mrs),J H Cotterell,1
Joseph Sturge (Mrs),W D Crewdson,1
Joseph Sturge (Mrs),James Cropper,1
Joseph Sturge (Mrs),Rachel Fowler,1
Joseph Sturge (Mrs),Thomas Fowler,1
Joseph Sturge (Mrs),Deborah Gibson,1
Joseph Sturge (Mrs),Jane Reynolds,1
Joseph Sturge (Mrs),George Stacey,1
Joseph Sturge (Mrs),H J Sturge,1
Joseph Sturge,John M Albright,1
Joseph Sturge,Rebecca Beaumont,1
Joseph Sturge,W S Clark,1
Joseph Sturge,J H Cotterell,1
Joseph Sturge,W D Crewdson,1
Joseph Sturge,James Cropper,1
Joseph Sturge,Rachel Fowler,1
Joseph Sturge,Thomas Fowler,1
Joseph Sturge,Deborah Gibson,1
Joseph Sturge,Jane Reynolds,1
Joseph Sturge,George Stacey,1
Joseph Sturge,H J Sturge,1
Joseph Sturge,Walter Sturge,1
Joseph Sturge,Fielden Thorpe,1
Samuel Sturge,Walter Sturge,1
Samuel Sturge,Fielden Thorpe,1
Thomas M Sturge,Walter Sturge,1
Thomas M Sturge,Fielden Thorpe,1
H Taylor,John Rowntree,1
H Taylor,W Rowntree,1
H Taylor,Joseph Sewell,1
A Thistlethwaite,Fielden Thorpe,1
F J Thompson,Cyrus Clark,1
F J Thompson,James Clark (2),1
F J Thompson,Joseph Clark,1
F J Thompson,George Palmer,1
F J Thompson,Fielden Thorpe,1
F J Thompson,Charles B Warner,1
Josiah Thompson,F J Walker,1
Thomas Thompson,Paul Bevan,1
W Thompson,James Cadbury,1
W Thompson,Isaac Robson,1
W Thompson,J S Robson,1
Frederick Tuckett,Frederick Crowley,1
D Tuke,J H Tuke,1
D Tuke,Samuel Tuke,1
W Tuke,Henry Hipsley,1
W Tuke,F Seebohm,1
W Tuke,J H Tuke,1
W Tuke,Samuel Tuke,1
Marriage Wallis,Francis Wright,1
Alfred Waterhouse,Edward Ash,1
Alfred Waterhouse,Samuel Beck,1
Alfred Waterhouse,Robert Bevan,1
Alfred Waterhouse,James Cadbury,1
Alfred Waterhouse,Elizabeth Charelton,1
Mary Waterhouse,Robert Bevan,1
Mary Waterhouse,James Cadbury,1
Mary Waterhouse,Elizabeth Charelton,1
R Waterhouse,W D Crewdson,1
R Waterhouse,John Jowett,1
Daniel Wheeler,G S Brady,1
Charles Wilson,Caroline Marriage,1
Charles Wilson,G R Pumphrey,1
Charles Wilson,Fielden Thorpe,1
George Wilson,George Stacey,1
George Wilson,Isaac Wilson,1
George Wilson,John E Wilson,1
Isaac Wilson,Rebecca Beaumont,1
Isaac Wilson,Thomas Binyon,1
Isaac Wilson,S Birchall,1
Isaac Wilson,W D Crewdson,1
Isaac Wilson,Ann Cropper,1
Isaac Wilson,J Cudworth,1
Isaac Wilson,Barnard Dickinson,1
Isaac Wilson,Rachel Fowler,1
Isaac Wilson,Thomas Fowler,1
Isaac Wilson,Alfred L Fox,1
Isaac Wilson,Frederick Fryer,1
Isaac Wilson,Deborah Gibson,1
Isaac Wilson,Wilson Lloyd,1
Isaac Wilson,John Pease,1
Isaac Wilson,Joseph Pease,1
Isaac Wilson,George Stacey,1
Joseph Wilson,James Baker,1
William Wilson,R Jun Arthington,1
William Wilson,James Baker,1
William Wilson,Charles L Braithwaite,1
William Wilson,Joseph B Braithwaite,1
William Wilson,S Braithwaite,1
William Wilson,J Cudworth,1
William Wilson,Barnard Dickinson,1
William Wilson,Frederick Fryer,1
William Wilson,Benjamin Jowett (2),1
William Wilson,John Pease,1
William Wilson,Joseph Pease,1
R D Alexander,Christopher Bowley,2
R D Alexander,Robert Charleton,2
R D Alexander,Frederick H Fox,2
R D Alexander,Thomas Maw,2
R D Alexander,William Norton,2
R D Alexander,Algernon Peckover,2
Samuel Allen,Cornelius Hanbury,2
S  Stafford Allen,Edward Beck,2
S  Stafford Allen,Cornelius Hanbury,2
S  Stafford Allen,Martha Lucas,2
S  Stafford Allen,William Jun Lucas,2
Thomas Allis,Edward Carroll,2
Thomas Allis,Joseph Crosfield,2
Thomas Allis,Haggar Lowe,2
John Arch,Thomas Binyon,2
R Arthington,Susan Pease,2
R Arthington,Thomas Pease,2
R Jun Arthington,Christopher Bowley,2
R Jun Arthington,Frederick Fryer,2
R Jun Arthington,Thomas Harvey,2
R Jun Arthington,Thomas Pease,2
Edward Ash,James Charleton,2
Edward Ash,Robert Charleton,2
Alfred Backhouse,Edmund Backhouse,2
Alfred Backhouse,John Church Backhouse,2
Alfred Backhouse,Eliza Barclay,2
Alfred Backhouse,R Barclay Fox,2
Alfred Backhouse,Henry E Gurney,2
Alfred Backhouse,John Hodgkin,2
Alfred Backhouse,Arthur Pease,2
Alfred Backhouse,Edward Pease,2
Alfred Backhouse,Gurney Pease,2
Alfred Backhouse,Joseph Pease,2
Alfred Backhouse,Joseph Whitwell Pease,2
Catherine Backhouse,Edward Jun Backhouse,2
Catherine Backhouse,Henry Harris,2
Catherine Backhouse,T Hunt,2
Catherine Backhouse,W Thompson,2
Edmund Backhouse,Edward Jun Backhouse,2
Edmund Backhouse,John Church Backhouse,2
Edmund Backhouse,Eliza Barclay,2
Edmund Backhouse,J Gurney Barclay,2
Edmund Backhouse,Christopher Bowley,2
Edmund Backhouse,Edward Pease,2
Edmund Backhouse,Gurney Pease,2
Edmund Backhouse,Joseph Pease,2
Edmund Backhouse,Joseph Whitwell Pease,2
Edward Backhouse,James (1) Backhouse,2
Edward Backhouse,John Church Backhouse,2
Edward Backhouse,Eliza Barclay,2
Edward Backhouse,David Dale,2
Edward Backhouse,R Barclay Fox,2
Edward Backhouse,John Hodgkin,2
Edward Backhouse,Edward Richardson,2
Edward Backhouse,W Richardson,2
Edward Jun Backhouse,John Church Backhouse,2
Edward Jun Backhouse,Eliza Barclay,2
Edward Jun Backhouse,J G Fox,2
Edward Jun Backhouse,R Barclay Fox,2
Edward Jun Backhouse,John Hodgkin,2
James (1) Backhouse,Thomas Allis,2
James (1) Backhouse,Caleb Williams,2
James Jun Backhouse,Haggar Lowe,2
James Jun Backhouse,J H Tuke,2
John Church Backhouse,J G Fox,2
John Church Backhouse,R Barclay Fox,2
John Church Backhouse,John Hodgkin,2
John Church Backhouse,G E Richardson,2
Jonathan Backhouse,Edward Jun Backhouse,2
Jonathan Backhouse,John Church Backhouse,2
Jonathan Backhouse,Eliza Barclay,2
James Baker,J J Packer,2
James Baker,E F Sewell,2
A P Balkwill,Reuben C Payne,2
Abram Rawlinson Barclay,J Gurney Barclay,2
Abram Rawlinson Barclay,John Barclay,2
Abram Rawlinson Barclay,Henry E Gurney,2
Eliza Barclay,R Barclay Fox,2
Eliza Barclay,John Hodgkin,2
J Gurney Barclay,R Barclay Fox,2
J Gurney Barclay,Henry E Gurney,2
J Gurney Barclay,John Hodgkin,2
J Gurney Barclay,Arthur Pease,2
J Gurney Barclay,Edward Pease,2
J Gurney Barclay,Gurney Pease,2
J Gurney Barclay,Joseph Pease,2
J Gurney Barclay,Joseph Whitwell Pease,2
John Barclay,J Gurney Barclay,2
Robert Barclay,Edmund Backhouse,2
Robert Barclay,John Barclay,2
Robert Barclay,Henry E Gurney,2
R C Barrow,James Cadbury,2
John Beaumont,John B Pease,2
Rebecca Beaumont,W D Crewdson,2
Rebecca Beaumont,John E Wilson,2
William Beaumont,John B Pease,2
Edward Beck,Samuel Beck,2
Edward Beck,Isabella Lister,2
Samuel Beck,Burwood Godlee,2
Samuel Beck,John Hodgkin,2
Samuel Beck,Isabella Lister,2
Samuel Beck,Jeffrey Lucas,2
Samuel Beck,Matilda Rickman,2
Samuel Beck,Priscilla Rickman,2
Samuel Beck,R Rickman,2
Samuel Beck,R P Rickman,2
Peter Bedford,E Gilkes,2
Eliza Bell,Frederick Lucas,2
Frederick J Bell,Frederick Lucas,2
Paul Bevan,James Charleton,2
J Binyon,Martha A Binyon,2
J Binyon,Thomas Binyon,2
E L Birkbeck,Alfred Backhouse,2
E L Birkbeck,J Gurney Barclay,2
H Birkbeck,Alfred Backhouse,2
H Birkbeck,Edmund Backhouse,2
H Birkbeck,J Gurney Barclay,2
H Birkbeck,R Barclay Fox,2
H Birkbeck,Arthur Pease,2
H Birkbeck,Edward Pease,2
H Birkbeck,Gurney Pease,2
H Birkbeck,Joseph Pease,2
H Birkbeck,Joseph Whitwell Pease,2
Christopher Bowley,Thomas Pease,2
W C Bowley,Robert Brewin,2
W C Bowley,Martha Lucas,2
W C Bowley,Samuel Lucas,2
W C Bowley,William Jun Lucas,2
Edwin Bracher,Richard Veale,2
Edwin Bracher,William Veale,2
Antonio Brady,G S Brady,2
Antonio Brady,John Ford,2
Antonio Brady,Samuel Rosling,2
Antonio Brady,John Rowntree,2
Antonio Brady,Daniel Wheeler,2
Henry Brady,John Ford,2
Henry Brady,John Barton Hack,2
Henry Brady,Samuel Rosling,2
Henry Brady,John Rowntree,2
Henry Brady,William Tanner,2
Charles L Braithwaite,L Braithwaite,2
Charles L Braithwaite,S Braithwaite,2
Charles L Braithwaite,W D Crewdson,2
Charles L Braithwaite,Robert Howard,2
Charles L Braithwaite,John Jowett,2
Joseph B Braithwaite,S Braithwaite,2
Joseph B Braithwaite,W D Crewdson,2
Joseph B Braithwaite,John Jowett,2
L Braithwaite,Joseph B Braithwaite,2
S Braithwaite,W D Crewdson,2
S Braithwaite,John Jowett,2
Robert Brewin,Martha Lucas,2
Robert Brewin,Samuel Lucas,2
Robert Brewin,William Jun Lucas,2
William Brewin,Martha Lucas,2
William Brewin,Samuel Lucas,2
William Brewin,William Jun Lucas,2
Francis Brown,Gopsill Brown,2
Isaac Brown,Lydia Brown,2
Joshua Brown,Francis Brown,2
Joshua Brown,Gopsill Brown,2
Lydia Brown,Gopsill Brown,2
W W Brown,S W Wright,2
Sarah Burgess,H Headley,2
Thomas Burgess,H Headley,2
Wilson Burgess,Haggar Lowe,2
Henry Burlingham,Lucy Darby,2
Charles Buxton,William Forster,2
Charles Buxton,Henry E Gurney,2
Charles Buxton,John Gurney,2
Charles Buxton,Samuel Gurney,2
Charles Buxton,George Head,2
Charles Buxton,Sarah Head,2
Charles Buxton,Gurney Hoare,2
Charles Buxton,Andrew & Jun Johnston,2
Edward North Buxton,Henry E Gurney,2
Edward North Buxton,John Gurney,2
Edward North Buxton,Samuel Gurney,2
Edward North Buxton,Andrew & Jun Johnston,2
Thomas Fowell Buxton,William Forster,2
Thomas Fowell Buxton,Anna Gurney,2
Thomas Fowell Buxton,Henry E Gurney,2
Thomas Fowell Buxton,John Gurney,2
Thomas Fowell Buxton,Samuel Gurney,2
Thomas Fowell Buxton,Andrew & Jun Johnston,2
Joseph Cash,William Cash,2
Newman Cash,William Cash,2
Elizabeth Charelton,Robert Charleton,2
Elizabeth Charelton,Frederick H Fox,2
Elizabeth Charelton,Nathaniel Tregellis,2
x Charleton,Elizabeth Charelton,2
x Charleton,James Charleton,2
x Charleton,Henry Fox,2
x Charleton,Algernon Peckover,2
x Charleton,John Sanderson,2
Henry Christy,Thomas Christy,2
Henry Christy,John Fell,2
Henry Christy,Mary Fell,2
Thomas Christy,Richard Christy,2
Thomas Christy,Daniel Bell Hanbury,2
Cyrus Clark,W S Clark,2
Cyrus Clark,Charles Sturge,2
Cyrus Clark,Edmund Sturge,2
Cyrus Clark,George Sturge,2
Cyrus Clark,Samuel Sturge,2
Cyrus Clark,Thomas M Sturge,2
James Clark (2),W S Clark,2
James Clark (2),Charles Sturge,2
James Clark (2),Edmund Sturge,2
James Clark (2),George Sturge,2
James Clark (2),Samuel Sturge,2
James Clark (2),Thomas M Sturge,2
Joseph Clark,W S Clark,2
Joseph Clark,Charles Sturge,2
Joseph Clark,Edmund Sturge,2
Joseph Clark,George Sturge,2
Joseph Clark,Samuel Sturge,2
Joseph Clark,Thomas M Sturge,2
W S Clark,Walter Sturge,2
C Clothier,Cyrus Clark,2
C Clothier,James Clark (2),2
C Clothier,Joseph Clark,2
C Clothier,R Impey,2
C Clothier,Charles Sturge,2
C Clothier,George Sturge,2
C Clothier,Joseph Sturge (Mrs),2
C Clothier,Joseph Sturge,2
C Clothier,Samuel Sturge,2
C Clothier,Thomas M Sturge,2
J H Cotterell,John Gayner,2
J H Cotterell,Walter Sturge,2
W D Crewdson,Francis E Fox,2
W D Crewdson,John Jowett,2
James Cropper,John Cropper,2
John Cropper,William Crosfield,2
Joseph Crosfield,William Crosfield,2
A Crowley,Edward C May,2
A Crowley,Francis May,2
A Crowley,Elizabeth Tuckett,2
A Crowley,Francis Tuckett,2
A Crowley,Frederick Tuckett,2
A Crowley,P Debell Tuckett,2
Henry Crowley,C Ashby,2
Henry Crowley,Frederick Crowley,2
J Cudworth,Mary Cudworth,2
J Cudworth,William Cudworth,2
A Dale,J G Fox,2
A Dale,R Barclay Fox,2
A Dale,John Hodgkin,2
A Dale,Edward Richardson,2
David Dale,Edmund Backhouse,2
David Dale,Edward Jun Backhouse,2
David Dale,John Church Backhouse,2
David Dale,Eliza Barclay,2
Barnard Dickinson,Rachel Fowler,2
Barnard Dickinson,Thomas Fowler,2
Barnard Dickinson,Edward Pease,2
John Dodshon,William Cudworth,2
Daniel Doncaster,Samuel Priestman,2
Daniel Doncaster,Joseph Rowntree,2
Daniel Doncaster,W Rowntree,2
J Doubleday,W D King,2
R Doubleday,W D King,2
Mary Exton,F Seebohm,2
William Exton,F Seebohm,2
John Fell,Richard Christy,2
Mary Fell,Richard Christy,2
Mary Fell,Henry Fell Pease,2
Caleb Fletcher,Joseph Rowntree,2
Martha Fletcher,Samuel Priestman,2
Josiah Forster,Rebecca Beaumont,2
Josiah Forster,W D Crewdson,2
William Forster,Edward North Buxton,2
Joseph Talwin Foster,George Stacey,2
Rachel Fowler,Edward A Leatham,2
Robert Nicholas Fowler,Rachel Fowler,2
Robert Nicholas Fowler,Edward A Leatham,2
Robert Nicholas Fowler,Mary Waterhouse,2
Robert Nicholas Fowler,R Waterhouse,2
William Fowler,J Gurney Barclay,2
William Fowler,H Birkbeck,2
William Fowler,Rachel Fowler,2
William Fowler,Thomas Fowler,2
Alfred L Fox,J G Fox,2
Alfred L Fox,R Barclay Fox,2
Alfred L Fox,Wilson Lloyd,2
Alfred L Fox,Francis Tuckett,2
Alfred L Fox,John E Wilson,2
Charles Henry Fox,x Charleton,2
Charles Henry Fox,George Fox,2
Charles Henry Fox,J G Fox,2
Charles Henry Fox,R Barclay Fox,2
Charles Henry Fox,x Fox,2
Charles Henry Fox,Joseph Whitwell Pease,2
Charles Henry Fox,Joseph T Price,2
Charles Henry Fox,Nathaniel Tregellis,2
Francis E Fox,Frederick H Fox,2
George Fox,Francis E Fox,2
George Fox,Henry Fox,2
George Fox,John Sanderson,2
Henry Fox,Paul Bevan,2
J G Fox,Arthur Pease,2
J G Fox,Edward Pease,2
J G Fox,Gurney Pease,2
J G Fox,Joseph Pease,2
R Barclay Fox,Francis Tuckett,2
Robert Were Fox,Alfred Backhouse,2
Robert Were Fox,Alfred L Fox,2
Robert Were Fox,Joseph Whitwell Pease,2
Robert Were Fox,Joseph T Price,2
Robert Were Fox,Nathaniel Tregellis,2
x Fox,Alfred L Fox,2
x Fox,Gurney Hoare,2
x Fox,Joseph Whitwell Pease,2
Frederick Fryer,John Pease,2
Joseph Gibbens,James Jun Backhouse,2
Joseph Gibbens,Charles Gillett,2
Joseph Gibbens,Samuel Jesper,2
Joseph Gibbens,Thomas Pease,2
Francis Gibson,Edward Pease,2
Francis Gibson,Gurney Pease,2
Francis Gibson,Henry Fell Pease,2
Francis Gibson,John B Pease,2
Francis Gibson,Joseph Whitwell Pease,2
George Stacey Gibson,Rebecca Beaumont,2
George Stacey Gibson,George Stacey,2
Charles Gillett,Jonathan Gillett,2
Charles Gillett,Thomas Pease,2
Charles Gillett,James Sessions,2
John Gillett,Charles Gillett,2
Burwood Godlee,John Hodgkin,2
Burwood Godlee,John Rickman,2
Burwood Godlee,Priscilla Rickman,2
Burwood Godlee,Jane Reynolds,2
Burwood Godlee,R P Rickman,2
William Jun Grimshaw,Francis Brown,2
Anna Gurney,Joseph Pease,2
Henry E Gurney,Andrew Johnston,2
John Henry Gurney,H Birkbeck,2
John Henry Gurney,Edward North Buxton,2
John Henry Gurney,Thomas Fowell Buxton,2
John Henry Gurney,Anna Gurney,2
John Henry Gurney,Henry E Gurney,2
John Henry Gurney,John Gurney,2
John Henry Gurney,Samuel Gurney,2
John Henry Gurney,Gurney Hoare,2
John Gurney,Andrew Johnston,2
Samuel Gurney,Andrew Johnston,2
Daniel P Hack,John Barton Hack,2
Daniel P Hack,Samuel Tuke,2
John Barton Hack,Samuel Tuke,2
Cornelius x Jun Hanbury,Daniel Bell Hanbury,2
Charles L Harford,John Harford,2
John Harford,Summers Harford,2
Edwd Harris,Algernon Peckover,2
Edwd Harris,William Peckover,2
Edwd Harris,John T Shewell,2
Henry Harris,Algernon Peckover,2
Henry Harris,William Peckover,2
Henry Harris,John T Shewell,2
Lydia Harris,Algernon Peckover,2
Lydia Harris,William Peckover,2
Lydia Harris,John T Shewell,2
George Head,Edward North Buxton,2
George Head,Henry E Gurney,2
Sarah Head,Edward North Buxton,2
Sarah Head,Henry E Gurney,2
H Headley,A Janson,2
H Headley,William Janson,2
Henry Hipsley,Isaac Robson,2
Henry Hipsley,Samuel Tuke,2
Gurney Hoare,Edward North Buxton,2
Gurney Hoare,R Barclay Fox,2
Gurney Hoare,Henry E Gurney,2
Gurney Hoare,John Gurney,2
Gurney Hoare,Samuel Gurney,2
John Hodgkin,Jeffrey Lucas,2
John Hodgkin,John Rickman,2
John Hodgkin,Priscilla Rickman,2
John Hodgkin,R Rickman,2
John Hodgkin,R P Rickman,2
Thomas (1) Hodgkin,Samuel Beck,2
Thomas (1) Hodgkin,Burwood Godlee,2
Thomas (1) Hodgkin,Edward Lucas,2
Thomas (1) Hodgkin,Jeffrey Lucas,2
Thomas (1) Hodgkin,John Rickman,2
Thomas (1) Hodgkin,S W Wright,2
Thomas (1) Hodgkin,R Rickman,2
Thomas (1) Hodgkin,R P Rickman,2
Thomas (1) Hodgkin,S Rickman,2
Mary Horsnail,Charles Horsnaill,2
Mary Horsnail,W C Horsnaill,2
Robert Howard,Joseph B Braithwaite,2
Robert Howard,S Braithwaite,2
Robert Howard,Alfred L Fox,2
Henry Hunt,Edward Ash,2
Henry Hunt,Robert Charleton,2
Henry Hunt,T Hunt,2
John Huntley,Joseph Huntley,2
Jonathan Hutchinson,Edwin Bracher,2
Jonathan Hutchinson,James Bracher,2
A Janson,J H Tuke,2
William Janson,J H Tuke,2
Samuel Jesper,Charles Wilson,2
John Jowett,John E Wilson,2
Robert Jowett (2),John Pease,2
Robert Jowett (2),Isaac Wilson,2
Robert Jowett (2),John E Wilson,2
Alfred Kitching,J Cudworth,2
Alfred Kitching,William Cudworth,2
John Kitching,Isaac Reckitt,2
Isabella Lister,Abraham Sewell,2
Joseph Lister,Edward Beck,2
Joseph Lister,Samuel Beck,2
William Horton Lloyd,Charles L Braithwaite,2
William Horton Lloyd,Joseph B Braithwaite,2
William Horton Lloyd,S Braithwaite,2
William Horton Lloyd,Alfred L Fox,2
William Horton Lloyd,Wilson Lloyd,2
William Horton Lloyd,S Baker,2
William Horton Lloyd,Isaac Wilson,2
William Horton Lloyd,John E Wilson,2
Wilson Lloyd,Joseph Whitwell Pease,2
Haggar Lowe,J H Tuke,2
Edward Lucas,Samuel Beck,2
Edward Lucas,Burwood Godlee,2
Edward Lucas,John Hodgkin,2
Edward Lucas,Martha Lucas,2
Edward Lucas,Samuel Lucas,2
Edward Lucas,William Jun Lucas,2
Jeffrey Lucas,Martha Lucas,2
Jeffrey Lucas,Samuel Lucas,2
Jeffrey Lucas,William Jun Lucas,2
Thomas Marriage,Marriage Wallis,2
William Mattravers,John Sanderson,2
Edward C May,Elizabeth Tuckett,2
Edward C May,Francis Tuckett,2
Edward C May,P Debell Tuckett,2
Francis May,W Dillwyn Sims,2
Francis May,Elizabeth Tuckett,2
Francis May,Francis Tuckett,2
Francis May,P Debell Tuckett,2
Josiah Newman,E P Southall,2
Josiah Newman,Sarah Southall,2
Arthur Pease,Henry Fell Pease,2
Arthur Pease,John Pease,2
Edward Pease,Henry Fell Pease,2
Edward Pease,John Pease,2
Gurney Pease,Henry Fell Pease,2
Gurney Pease,John Pease,2
Henry Fell Pease,John Pease,2
Henry Fell Pease,Joseph Pease,2
Henry Fell Pease,Joseph Whitwell Pease,2
John Pease,John B Pease,2
John Pease,Joseph Whitwell Pease,2
John B Pease,Joseph Pease,2
Robert H Penney,John Rickman,2
Robert H Penney,Samuel Thompson,2
Jacob Post,Joseph Rosling,2
Joseph T Price,Nathaniel Tregellis,2
Joseph T Price,Francis Tuckett,2
Edward Priestman (2),Samuel Priestman,2
James Ransome,Robert Ransome,2
Edward Richardson,Edmund Backhouse,2
Edward Richardson,Edward Jun Backhouse,2
Edward Richardson,John Church Backhouse,2
Edward Richardson,Eliza Barclay,2
Edward Richardson,J G Fox,2
W Richardson,G R Pumphrey,2
S Rickman,Burwood Godlee,2
S Rickman,John Hodgkin,2
Joseph Rosling,Samuel Rosling,2
John S Rowntree,John Rowntree,2
John S Rowntree,Joseph Rowntree,2
Joseph Rowntree,J S Robson,2
Joseph Rowntree,John Rowntree,2
Joseph Rowntree,W Rowntree,2
Joseph Rowntree,Hannah Scarr,2
John Sanderson,Paul Bevan,2
John Sanderson,Cornelius x Jun Hanbury,2
Benjamin Seebohm,Henry Hipsley,2
William Seebohm,F Seebohm,2
Abraham Sewell,Phillip Sewell,2
E F Sewell,Joseph Sewell,2
Joseph Sewell,Phillip Sewell,2
Edward Smith,Thomas William Marsh,2
Richard Smith,P Debell Tuckett,2
William Southall,Josiah Newman,2
William Southall,E P Southall,2
George Stacey,Alfred L Fox,2
George Stacey,Wilson Lloyd,2
Charles Sturge,George Sturge,2
Charles Sturge,Samuel Sturge,2
Edmund Sturge,George Sturge,2
Edmund Sturge,Samuel Sturge,2
George Sturge,Thomas M Sturge,2
Joseph Sturge (Mrs),Cyrus Clark,2
Joseph Sturge (Mrs),James Clark (2),2
Joseph Sturge (Mrs),Joseph Clark,2
Joseph Sturge (Mrs),George Sturge,2
Joseph Sturge,Cyrus Clark,2
Joseph Sturge,James Clark (2),2
Joseph Sturge,Joseph Clark,2
Joseph Sturge,George Sturge,2
Joseph Sturge,Samuel Sturge,2
Samuel Sturge,Thomas M Sturge,2
Walter Sturge,Fielden Thorpe,2
H Taylor,James Baker,2
A Thistlethwaite,James Baker,2
F J Thompson,W S Clark,2
Nathaniel Tregellis,Francis Tuckett,2
James E Veale,Edwin Bracher,2
John Warner,Edmund Lucas,2
Benjamin Wheeler,Frederick Wheeler,2
W Whiting,John Whiting,2
Isaac Wilson,S Braithwaite,2
Isaac Wilson,John Jowett,2
Isaac Wilson,John E Wilson,2
William Spicer Wood,Daniel Doncaster,2
Arthur Albright,John M Albright,3
Arthur Albright,Rachel Albright,3
Arthur Albright,William Albright,3
Rachel Albright,John M Albright,3
Rachel Albright,William Albright,3
William Albright,John M Albright,3
William Aldam,William Jun Aldam,3
Frederick Alexander,G W Alexander,3
Frederick Alexander,Henry Alexander,3
G W Alexander,Henry Alexander,3
S  Stafford Allen,Samuel Allen,3
R Arthington,R Jun Arthington,3
C Ashby,Abraham Crowley,3
C Ashby,Frederick Crowley,3
Catherine Backhouse,Paul Bevan,3
Edmund Backhouse,R Barclay Fox,3
Edmund Backhouse,John Hodgkin,3
Edward Backhouse,Edward Jun Backhouse,3
James (1) Backhouse,James Jun Backhouse,3
James (1) Backhouse,Joseph Crosfield,3
James Jun Backhouse,Joseph Crosfield,3
Jonathan Backhouse,Edmund Backhouse,3
J E Baker,John Harlock,3
Eliza Barclay,Anna Gurney,3
Robert Barclay,Alfred Backhouse,3
Robert Barclay,Abram Rawlinson Barclay,3
Robert Barclay,J Gurney Barclay,3
Richard Barrett,Jonathan Barrett,3
John Beaumont,Rebecca Beaumont,3
John Beaumont,William Beaumont,3
Eliza Bell,Frederick J Bell,3
Eliza Bell,John Bell,3
Frederick J Bell,John Bell,3
Martha A Binyon,Thomas Binyon,3
E L Birkbeck,H Birkbeck,3
E L Birkbeck,Henry E Gurney,3
Christopher Bowley,W C Bowley,3
Edwin Bracher,James Bracher,3
Antonio Brady,Henry Brady,3
Henry Brady,G S Brady,3
Charles L Braithwaite,Joseph B Braithwaite,3
Robert Brewin,William Brewin,3
Isaac Brown,Francis Brown,3
Joshua Brown,Lydia Brown,3
Lydia Brown,William Jun Grimshaw,3
Sarah Burgess,J F Burgess,3
Sarah Burgess,Thomas Burgess,3
Thomas Burgess,J F Burgess,3
Charles Buxton,Edward North Buxton,3
Charles Buxton,Thomas Fowell Buxton,3
Charles Buxton,Andrew Johnston,3
Thomas Fowell Buxton,Edward North Buxton,3
Thomas Fowell Buxton,Andrew Johnston,3
Joseph Cash,Newman Cash,3
R D Catchpool,Thomas Catchpool,3
Elizabeth Charelton,James Charleton,3
Elizabeth Charelton,Robert Charleton,3
James Charleton,Robert Charleton,3
x Charleton,Robert Charleton,3
x Charleton,Frederick H Fox,3
Cyrus Clark,James Clark (2),3
Cyrus Clark,Joseph Clark,3
James Clark (2),W S Clark,3
Ann Cropper,James Cropper,3
Ann Cropper,John Cropper,3
George Crosfield,Joseph Crosfield,3
George Crosfield,William Crosfield,3
A Crowley,Abraham Crowley,3
A Crowley,Frederick Crowley,3
Abraham Crowley,Frederick Crowley,3
Henry Crowley,A Crowley,3
Henry Crowley,Abraham Crowley,3
Mary Cudworth,William Cudworth,3
A Dale,William Ball,3
David Dale,A Dale,3
William Dent,Henry Hipsley,3
William Dent,Samuel Priestman,3
Daniel Doncaster,John S Rowntree,3
J Doubleday,R Doubleday,3
Mary Exton,William Exton,3
Mary Exton,Joseph Sharples,3
William Exton,Joseph Sharples,3
John Fell,Mary Fell,3
Caleb Fletcher,Josiah Newman,3
Caleb Fletcher,Hannah Scarr,3
Josiah Forster,Robert Forster,3
Josiah Forster,William Forster,3
Robert Forster,William Forster,3
Rachel Fowler,Thomas Fowler,3
Robert Nicholas Fowler,Thomas Fowler,3
Alfred L Fox,Joseph Whitwell Pease,3
Charles Henry Fox,Robert Were Fox,3
George Fox,Frederick H Fox,3
Henry Fox,Elizabeth Charelton,3
Henry Fox,W D Crewdson,3
J G Fox,R Barclay Fox,3
Robert Were Fox,R Barclay Fox,3
Robert Were Fox,x Fox,3
Robert Were Fox,Francis Tuckett,3
x Fox,R Barclay Fox,3
Frederick Fryer,Thomas Pease,3
Ann Gibson,Deborah Gibson,3
Ann Gibson,Caroline Marriage,3
Francis Gibson,John Pease,3
Francis Gibson,Joseph Pease,3
George Stacey Gibson,Deborah Gibson,3
George Stacey Gibson,W G Gibson,3
W G Gibson,Rebecca Beaumont,3
W G Gibson,Deborah Gibson,3
John Gillett,Jonathan Gillett,3
John Gillett,James Sessions,3
Jonathan Gillett,James Sessions,3
G Grimshaw,William Jun Grimshaw,3
Henry E Gurney,John Gurney,3
Henry E Gurney,Samuel Gurney,3
John Gurney,Samuel Gurney,3
Cornelius Hanbury,Cornelius x Jun Hanbury,3
Cornelius Hanbury,Daniel Bell Hanbury,3
Charles L Harford,Summers Harford,3
Edwd Harris,Theodore Harris,3
Henry Harris,Edwd Harris,3
Henry Harris,Lydia Harris,3
Lydia Harris,Edwd Harris,3
Thomas Harvey,Frederick Fryer,3
George Head,John Gurney,3
George Head,Samuel Gurney,3
George Head,Sarah Head,3
Sarah Head,John Gurney,3
Sarah Head,Samuel Gurney,3
H Headley,J F Burgess,3
W Hewitson,M A Hewitson,3
James Hills,John Hills,3
Thomas (1) Hodgkin,John Hodgkin,3
J Holdsworth,Richard Holdsworth,3
Geo Holmes,G B Holmes,3
Charles Horsnaill,W C Horsnaill,3
Robert Howard,Luke Howard,3
A Janson,William Janson,3
Andrew Johnston,Andrew & Jun Johnston,3
Robert Jowett (2),W D Crewdson,3
Robert Jowett (2),John Jowett,3
William Horton Lloyd,George Stacey,3
Edmund Lucas,Frederick Lucas,3
Edward Lucas,Jeffrey Lucas,3
Martha Lucas,Samuel Lucas,3
Martha Lucas,William Jun Lucas,3
Samuel Lucas,William Jun Lucas,3
Edward C May,Francis May,3
Edward C May,W Dillwyn Sims,3
E Neave,Samuel Thompson,3
Thomas Norton,William Norton,3
Arthur Pease,Edward Pease,3
Arthur Pease,Gurney Pease,3
Arthur Pease,Joseph Pease,3
Arthur Pease,Joseph Whitwell Pease,3
Edward Pease,Gurney Pease,3
Edward Pease,Joseph Pease,3
Edward Pease,Joseph Whitwell Pease,3
Gurney Pease,Joseph Pease,3
Gurney Pease,Joseph Whitwell Pease,3
John Pease,Joseph Pease,3
Joseph Pease,Joseph Whitwell Pease,3
Susan Pease,Thomas Pease,3
Algernon Peckover,William Peckover,3
Algernon Peckover,John T Shewell,3
William Peckover,John T Shewell,3
Edward Priestman (2),John Priestman,3
John Priestman,Samuel Priestman,3
John Rickman,Matilda Rickman,3
John Rickman,Priscilla Rickman,3
John Rickman,R Rickman,3
John Rickman,R P Rickman,3
Matilda Rickman,Priscilla Rickman,3
Matilda Rickman,R Rickman,3
Matilda Rickman,R P Rickman,3
Priscilla Rickman,R Rickman,3
Priscilla Rickman,R P Rickman,3
R Rickman,R P Rickman,3
S Rickman,John Rickman,3
S Rickman,Matilda Rickman,3
S Rickman,Priscilla Rickman,3
S Rickman,R Rickman,3
S Rickman,R P Rickman,3
Isaac Robson,J S Robson,3
Alfred Rosling,Joseph Rosling,3
Alfred Rosling,Samuel Rosling,3
John S Rowntree,Sarah Hotham,3
Samuel Rundall,Sarah Rundell,3
John Sanderson,Elizabeth Charelton,3
Micheal Scatterthwaite,S Scatterthwaite,3
Benjamin Seebohm,F Seebohm,3
Benjamin Seebohm,William Seebohm,3
James Sessions,Lydia Sessions,3
James Sessions,Robert Sessions,3
Lydia Sessions,Robert Sessions,3
Abraham Sewell,E F Sewell,3
Abraham Sewell,Joseph Sewell,3
Joseph Shewell,John T Shewell,3
Bartholomew Smith,D Tuke,3
Ann Snowden,George Smithson,3
E P Southall,Sarah Southall,3
William Southall,Sarah Southall,3
J M Sparkes,Joshua Wilson,3
L Squire,Edward A Crouch,3
George Stacey,Rebecca Beaumont,3
George Stacey,Deborah Gibson,3
Henry Sterry,Joseph Sterry,3
Henry Sterry,Richard Sterry,3
Henry Sterry,Sarah Sterry,3
Richard Sterry,Sarah Sterry,3
Charles Sturge,Edmund Sturge,3
Charles Sturge,Thomas M Sturge,3
Edmund Sturge,Thomas M Sturge,3
George Sturge,H J Sturge,3
George Sturge,Samuel Sturge,3
H J Sturge,Walter Sturge,3
Joseph Sturge (Mrs),Barnard Dickinson,3
Joseph Sturge (Mrs),Charles Sturge,3
Joseph Sturge (Mrs),Edmund Sturge,3
Joseph Sturge (Mrs),Joseph Sturge,3
Joseph Sturge,Barnard Dickinson,3
Joseph Sturge,Charles Sturge,3
Joseph Sturge,Edmund Sturge,3
Joseph Sturge,Thomas M Sturge,3
Edward Thomas,George Thomas,3
Elizabeth Tuckett,Francis Tuckett,3
Elizabeth Tuckett,P Debell Tuckett,3
Francis Tuckett,P Debell Tuckett,3
Frederick Tuckett,Elizabeth Tuckett,3
Frederick Tuckett,Francis Tuckett,3
Frederick Tuckett,P Debell Tuckett,3
J H Tuke,Samuel Tuke,3
W Tuke,D Tuke,3
Ann Tweedy,William Tweedy,3
James E Veale,Richard Veale,3
James E Veale,William Veale,3
Richard Veale,William Veale,3
Charles B Warner,Septimus Warner,3
John Warner,Charles B Warner,3
John Warner,Septimus Warner,3
Alfred Waterhouse,John Hodgkin,3
Alfred Waterhouse,R Waterhouse,3
Mary Waterhouse,Paul Bevan,3
Lucy Westcombe,Thomas Westcombe,3
Benjamin Wheeler,Samuel Wheeler,3
Charles Wilson,Joshua Wilson,3
